{
  "best_metric": 0.39304184913635254,
  "best_model_checkpoint": "./results/checkpoint-2118",
  "epoch": 2.0,
  "eval_steps": 500,
  "global_step": 2118,
  "is_hyper_param_search": false,
  "is_local_process_zero": true,
  "is_world_process_zero": true,
  "log_history": [
    {
      "epoch": 0.9442870632672332,
      "grad_norm": 33.81156539916992,
      "learning_rate": 9.761605415860736e-06,
      "loss": 0.6121,
      "step": 1000
    },
    {
      "epoch": 1.0,
      "eval_accuracy": 0.8011019283746557,
      "eval_f1": 0.7870206489675516,
      "eval_loss": 0.4196262061595917,
      "eval_precision": 0.8296019900497512,
      "eval_recall": 0.7485970819304153,
      "eval_runtime": 8.1389,
      "eval_samples_per_second": 223.003,
      "eval_steps_per_second": 27.891,
      "step": 1059
    },
    {
      "epoch": 1.8885741265344664,
      "grad_norm": 18.24011993408203,
      "learning_rate": 9.278046421663444e-06,
      "loss": 0.4213,
      "step": 2000
    },
    {
      "epoch": 2.0,
      "eval_accuracy": 0.846831955922865,
      "eval_f1": 0.8510182207931404,
      "eval_loss": 0.39304184913635254,
      "eval_precision": 0.8143589743589743,
      "eval_recall": 0.8911335578002245,
      "eval_runtime": 8.2846,
      "eval_samples_per_second": 219.082,
      "eval_steps_per_second": 27.4,
      "step": 2118
    }
  ],
  "logging_steps": 1000,
  "max_steps": 21180,
  "num_input_tokens_seen": 0,
  "num_train_epochs": 20,
  "save_steps": 500,
  "stateful_callbacks": {
    "TrainerControl": {
      "args": {
        "should_epoch_stop": false,
        "should_evaluate": false,
        "should_log": false,
        "should_save": true,
        "should_training_stop": false
      },
      "attributes": {}
    }
  },
  "total_flos": 4457101277798400.0,
  "train_batch_size": 8,
  "trial_name": null,
  "trial_params": null
}
